Date,AveTemp,DayLength,PAR
2014/1/1,5.4,9.702652919,10.48
2014/1/2,4.3,9.712313317,11.33
2014/1/3,1.7,9.72286442,5.028
2014/1/4,3.6,9.734296451,8.42
2014/1/5,1.5,9.746598903,8.55
2014/1/6,2.1,9.759760568,11.64
2014/1/7,1.4,9.773769579,11.19
2014/1/8,4.3,9.788613443,6.885
2014/1/9,5.8,9.804279081,6.448
2014/1/10,1.4,9.820752865,12.41
2014/1/11,1,9.838020664,12.05
2014/1/12,2.1,9.856067877,11.27
2014/1/13,2.3,9.87487948,12.19
2014/1/14,0.8,9.894440067,12.01
2014/1/15,0.2,9.914733888,2.506
2014/1/16,0,9.93574489,12.49
2014/1/17,1.9,9.957456763,10.9
2014/1/18,1.2,9.979852973,11.29
2014/1/19,1.6,10.0029168,12.98
2014/1/20,0.9,10.0266314,10.75
2014/1/21,3.9,10.05097978,12.32
2014/1/22,2.4,10.07594493,12.24
2014/1/23,3.8,10.10150975,13
2014/1/24,3.7,10.12765718,11.87
2014/1/25,3.1,10.15437016,6.914
2014/1/26,6.1,10.1816317,8.73
2014/1/27,1.3,10.20942489,13.7
2014/1/28,5.3,10.23773293,12.67
2014/1/29,6.7,10.26653917,14.01
2014/1/30,6.6,10.29582712,3.852
2014/1/31,6.9,10.32558045,14.04
2014/2/1,4.6,10.35578306,8.77
2014/2/2,5.7,10.38641905,6.036
2014/2/3,9.3,10.41747278,9.27
2014/2/4,2.9,10.44892885,1.43
2014/2/5,-1,10.48077212,15.11
2014/2/6,0.2,10.51298774,11.89
2014/2/7,1.3,10.54556113,14.45
2014/2/8,-0.4,10.57847802,2.991
2014/2/9,3,10.61172445,11.34
2014/2/10,2.9,10.64528676,14.26
2014/2/11,1.8,10.6791516,6.94
2014/2/12,3.2,10.71330595,11.78
2014/2/13,1.7,10.7477371,14.14
2014/2/14,1.2,10.78243266,3.273
2014/2/15,4.4,10.81738058,5.031
2014/2/16,6,10.85256912,15.6
2014/2/17,6.1,10.88798684,16.33
2014/2/18,2.5,10.92362264,16.89
2014/2/19,1.3,10.95946573,15.66
2014/2/20,2.4,10.99550562,13.33
2014/2/21,2.8,11.03173213,17.65
2014/2/22,1.5,11.06813538,16.62
2014/2/23,3.2,11.10470576,10.59
2014/2/24,4.1,11.14143398,8.4
2014/2/25,5.2,11.178311,17.16
2014/2/26,5.8,11.21532806,17.2
2014/2/27,7.9,11.25247666,3.776
2014/2/28,12.1,11.28974857,15.49
2014/3/1,6.9,11.32713577,2.325
2014/3/2,4.6,11.36463051,2.176
2014/3/3,NA,NA,NA
2014/3/4,5.1,11.43991266,19.12
2014/3/5,5.4,11.47768564,2.329
2014/3/6,4.5,11.51553727,20.56
2014/3/7,3.1,11.55346082,20.04
2014/3/8,4,11.59144974,20.6
2014/3/9,3.9,11.62949764,14.88
2014/3/10,3.7,11.6675983,19.59
2014/3/11,3.9,11.70574564,21.41
2014/3/12,8.1,11.74393371,18.05
2014/3/13,10.8,11.78215668,3.791
2014/3/14,7.7,11.82040887,5.394
2014/3/15,5.4,11.85868465,21.67
2014/3/16,7.6,11.89697853,20.51
2014/3/17,8.2,11.93528508,20.29
2014/3/18,12.4,11.97359895,15.92
2014/3/19,9.5,12.01191485,14.99
2014/3/20,6.9,12.05022755,2.027
2014/3/21,8.3,12.08853183,22.25
2014/3/22,7.6,12.12682255,23.44
2014/3/23,8.8,12.16509456,22.36
2014/3/24,10.5,12.20334272,22.76
2014/3/25,13.6,12.24156191,21.51
2014/3/26,13.5,12.27974697,11.63
2014/3/27,11,12.31789275,3.438
2014/3/28,12.1,12.35599406,22.31
2014/3/29,14.8,12.39404566,21.84
2014/3/30,14.9,12.43204229,2.911
2014/3/31,14.4,12.46997859,23.87
2014/4/1,11.6,12.50784917,23.57
2014/4/2,12.7,12.54564855,17.79
2014/4/3,13.5,12.58337114,4.55
2014/4/4,13.9,12.6210113,11.07
2014/4/5,10.4,12.65856324,24.2
2014/4/6,7.6,12.69602109,16.26
2014/4/7,9.8,12.73337883,24.97
2014/4/8,12.6,12.77063034,23.83
2014/4/9,12.4,12.80776933,21.24
2014/4/10,14.4,12.84478938,21.88
2014/4/11,10,12.88168392,25.76
2014/4/12,10.6,12.9184462,25.92
2014/4/13,11,12.9550693,22.89
2014/4/14,12.5,12.99154615,22.09
2014/4/15,13.6,13.02786947,25.51
2014/4/16,16.4,13.06403178,22.36
2014/4/17,15.3,13.10002544,23.12
2014/4/18,9.6,13.13584257,2.974
2014/4/19,9.7,13.1714751,23.54
2014/4/20,9.2,13.20691474,10.98
2014/4/21,12.3,13.24215299,4.218
2014/4/22,30,13.27718113,13.61
2014/4/23,30,13.31199018,24.83
2014/4/24,30,13.34657098,26.71
2014/4/25,30,13.3809141,25.71
2014/4/26,20.9,13.41500989,24.69
2014/4/27,20.4,13.44884847,27.32
2014/4/28,19.1,13.48241972,15.41
2014/4/29,20.2,13.51571327,15.97
2014/4/30,17.9,13.54871852,3.419
2014/5/1,21.2,13.58142466,18.82
2014/5/2,23.2,13.61382062,27.08
2014/5/3,23.4,13.64589509,24.93
2014/5/4,21.6,13.67763658,26.48
2014/5/5,18.5,13.70903333,5.781
2014/5/6,17,13.7400734,4.144
2014/5/7,19.1,13.77074463,28.22
2014/5/8,19.8,13.80103464,22.32
2014/5/9,20,13.83093089,19.59
2014/5/10,20.5,13.86042064,27.69
2014/5/11,20.8,13.88949097,28.52
2014/5/12,19.9,13.91812883,23.35
2014/5/13,19.6,13.94632098,8.27
2014/5/14,21.8,13.97405408,22.07
2014/5/15,20.8,14.00131466,9.12
2014/5/16,20.5,14.02808915,24.16
2014/5/17,20.3,14.0543639,29.29
2014/5/18,20.7,14.08012517,27.24
2014/5/19,21.7,14.1053592,27.61
2014/5/20,19.4,14.13005219,20.41
2014/5/21,16.4,14.15419035,5.762
2014/5/22,16.5,14.17775987,21.45
2014/5/23,16.1,14.20074702,21.05
2014/5/24,19.2,14.22313812,27.59
2014/5/25,21.6,14.24491956,18.03
2014/5/26,20.3,14.26607788,14.5
2014/5/27,19.9,14.28659974,12.54
2014/5/28,21.6,14.30647196,25.35
2014/5/29,21.9,14.32568158,25.75
2014/5/30,22.5,14.34421584,26.62
2014/5/31,24,14.36206225,26.61
2014/6/1,25,14.37920859,28.39
2014/6/2,21.9,14.39564295,26.78
2014/6/3,22,14.41135376,19.16
2014/6/4,22.8,14.4263298,21.23
2014/6/5,20.2,14.44056027,6.927
2014/6/6,18.7,14.45403477,4.252
2014/6/7,17.9,14.46674334,4.842
2014/6/8,20.5,14.47867651,5.689
2014/6/9,21,14.48982531,9.13
2014/6/10,21.5,14.50018128,21.15
2014/6/11,20.6,14.50973652,4.627
2014/6/12,20.5,14.51848367,5.948
2014/6/13,23.7,14.52641601,25.35
2014/6/14,22.8,14.53352737,30.29
2014/6/15,23.2,14.53981224,29.58
2014/6/16,24.1,14.54526576,28.08
2014/6/17,23.7,14.5498837,22.04
2014/6/18,22.2,14.55366251,10.66
2014/6/19,23.7,14.55659932,25.7
2014/6/20,23.3,14.55869195,25.26
2014/6/21,23.7,14.55993891,19.37
2014/6/22,20.4,14.56033942,6.39
2014/6/23,22.1,14.55989338,22.17
2014/6/24,20.8,14.55860141,12
2014/6/25,21.1,14.55646482,14.98
2014/6/26,21.9,14.55348561,16.41
2014/6/27,23.1,14.54966649,22.6
2014/6/28,22.7,14.54501082,8.62
2014/6/29,22.6,14.53952266,13.85
2014/6/30,22.1,14.53320672,17.7
2014/7/1,23.6,14.52606834,26.08
2014/7/2,23.9,14.51811351,25.46
2014/7/3,23.9,14.50934881,17.02
2014/7/4,20.4,14.49978144,9.19
2014/7/5,21.5,14.48941914,10.72
2014/7/6,23.3,14.47827023,21.86
2014/7/7,22.1,14.46634353,4.198
2014/7/8,25.6,14.45364839,29.16
2014/7/9,23.1,14.44019463,7.061
2014/7/10,25.9,14.4259925,16.28
2014/7/11,27.4,14.41105269,21.89
2014/7/12,27.6,14.39538631,25.47
2014/7/13,25.5,14.3790048,7.815
2014/7/14,26.4,14.36191998,20.01
2014/7/15,26.3,14.34414394,24.81
2014/7/16,26.7,14.32568911,23.1
2014/7/17,23.8,14.30656812,24.2
2014/7/18,22.7,14.28679388,11.51
2014/7/19,22,14.26637947,7.735
2014/7/20,22.9,14.24533814,18
2014/7/21,23.1,14.22368331,17.24
2014/7/22,25.9,14.2014285,20.49
2014/7/23,27.7,14.17858734,22.54
2014/7/24,27.9,14.15517351,19.94
2014/7/25,29.1,14.13120076,23.91
2014/7/26,29.4,14.10668284,25.97
2014/7/27,28.4,14.08163351,21.99
2014/7/28,25.8,14.05606649,23.61
2014/7/29,25.8,14.0299955,24.86
2014/7/30,26.6,14.00343414,24.79
2014/7/31,28.2,13.97639597,23.78
2014/8/1,28,13.94889444,22.3
2014/8/2,28.9,13.92094287,26.05
2014/8/3,28.8,13.89255448,25.17
2014/8/4,29.2,13.86374233,22.87
2014/8/5,30,13.8345193,25.9
2014/8/6,29.5,13.80489814,27.28
2014/8/7,28.9,13.77489139,24.57
2014/8/8,27.4,13.74451142,12.87
2014/8/9,24,13.71377039,9.91
2014/8/10,25.9,13.68268025,11.88
2014/8/11,28.4,13.65125274,25.23
2014/8/12,24.7,13.61949937,7.736
2014/8/13,25.3,13.58743145,20.32
2014/8/14,26.2,13.55506004,11.06
2014/8/15,28.4,13.52239597,24.44
2014/8/16,22.8,13.48944983,4.558
2014/8/17,23.1,13.45623199,9.85
2014/8/18,26.9,13.42275258,21.04
2014/8/19,28.4,13.38902146,23.48
2014/8/20,29.5,13.35504829,24.74
2014/8/21,29.2,13.32084249,22.87
2014/8/22,28.5,13.28641322,23.87
2014/8/23,26,13.25176943,12.38
2014/8/24,26.8,13.21691984,16.5
2014/8/25,24.4,13.18187292,7.861
2014/8/26,22.7,13.14663696,3.3
2014/8/27,20.7,13.11121998,5.016
2014/8/28,20,13.07562984,5.201
2014/8/29,22.4,13.03987415,10.46
2014/8/30,21.5,13.00396034,14.1
2014/8/31,21.8,12.96789564,12.56
2014/9/1,20.8,12.93168708,4.488
2014/9/2,22.8,12.89534152,22.23
2014/9/3,22.3,12.85886563,14.59
2014/9/4,24,12.82226592,11.27
2014/9/5,26.4,12.78554873,15.8
2014/9/6,25.9,12.74872026,17.36
2014/9/7,20,12.71178653,5.613
2014/9/8,20.3,12.67475346,6.93
2014/9/9,22.5,12.63762681,19.03
2014/9/10,22,12.60041223,10.4
2014/9/11,20.2,12.56311525,3.745
2014/9/12,21.1,12.5257413,18.84
2014/9/13,21.1,12.48829571,17.65
2014/9/14,21.7,12.45078371,22.12
2014/9/15,20.9,12.41321046,11.21
2014/9/16,22.9,12.37558106,19.45
2014/9/17,21.1,12.33790054,12.37
2014/9/18,19.9,12.30017386,15
2014/9/19,18.6,12.26240596,16.39
2014/9/20,18.2,12.22460175,5.754
2014/9/21,18.3,12.1867661,20.67
2014/9/22,19.9,12.14890386,19.39
2014/9/23,19.5,12.11101991,19.47
2014/9/24,21.1,12.0731191,10.88
2014/9/25,22.2,12.0352063,3.405
2014/9/26,21.1,11.99728643,20.05
2014/9/27,18.9,11.95936442,17.12
2014/9/28,19.9,11.92144526,19.5
2014/9/29,21.2,11.88353398,20.38
2014/9/30,21.8,11.84563568,18.6
2014/10/1,19.9,11.80775555,4.995
2014/10/2,19.6,11.76989885,10.05
2014/10/3,24,11.73207094,16.85
2014/10/4,22,11.69427728,8.87
2014/10/5,16.6,11.65652346,1.503
2014/10/6,20.6,11.61881519,6.34
2014/10/7,18,11.58115831,14.67
2014/10/8,17.9,11.54355881,15.91
2014/10/9,19,11.50602283,7.801
2014/10/10,19.1,11.46855671,14.13
2014/10/11,17.9,11.43116692,13.95
2014/10/12,16.1,11.39386015,11.6
2014/10/13,16.5,11.35664327,3.807
2014/10/14,21.8,11.31952337,16.45
2014/10/15,14.3,11.28250775,3.799
2014/10/16,14.6,11.24560392,10.18
2014/10/17,15.9,11.20881965,17.59
2014/10/18,13.1,11.17216294,16.92
2014/10/19,14.8,11.13564204,16.83
2014/10/20,17.2,11.09926548,12.75
2014/10/21,17.4,11.06304203,5.84
2014/10/22,14.7,11.02698075,1.717
2014/10/23,13.2,10.99109099,5.557
2014/10/24,14.1,10.95538239,13.65
2014/10/25,15.3,10.91986488,15.23
2014/10/26,17.5,10.88454869,8.75
2014/10/27,18,10.84944436,10.17
2014/10/28,13.3,10.81456276,16.26
2014/10/29,12.2,10.77991504,15.84
2014/10/30,13.8,10.74551271,14.43
2014/10/31,15.9,10.71136758,6.236
2014/11/1,15.7,10.67749177,2.54
2014/11/2,18,10.64389775,8.71
2014/11/3,15.8,10.6105983,12.43
2014/11/4,13,10.57760652,14.95
2014/11/5,13.2,10.54493584,6.753
2014/11/6,16.8,10.51259998,8.3
2014/11/7,15.2,10.48061299,13.37
2014/11/8,12.2,10.44898922,2.816
2014/11/9,13.7,10.41774331,2.221
2014/11/10,15.2,10.38689018,10.1
2014/11/11,12.3,10.35644503,2.587
2014/11/12,11.4,10.32642334,2.181
2014/11/13,12,10.2968408,13.03
2014/11/14,9.2,10.26771336,13.55
2014/11/15,8.7,10.23905719,13.42
2014/11/16,7.5,10.21088863,12.01
2014/11/17,8.9,10.18322422,7.967
2014/11/18,9.5,10.15608064,12.75
2014/11/19,7.2,10.12947471,12.73
2014/11/20,7.1,10.10342335,6.106
2014/11/21,9.7,10.07794356,9.75
2014/11/22,10.6,10.05305238,12
2014/11/23,11.2,10.02876687,11.37
2014/11/24,11.3,10.00510408,4.477
2014/11/25,9.6,9.982081021,0.899
2014/11/26,8.3,9.959714599,1.363
2014/11/27,10.3,9.938021616,11.68
2014/11/28,11.5,9.917018716,6.081
2014/11/29,11.5,9.896722347,1.874
2014/11/30,12.2,9.877148722,7.971
2014/12/1,12.8,9.858313783,1.678
2014/12/2,9,9.840233155,11.85
2014/12/3,6.2,9.82292211,11.87
2014/12/4,7,9.806395521,2.382
2014/12/5,5.7,9.790667825,9.61
2014/12/6,3,9.775752979,11.27
2014/12/7,3.5,9.761664421,10.99
2014/12/8,4.2,9.748415028,10.87
2014/12/9,5,9.736017082,10.81
2014/12/10,4.2,9.724482223,8.73
2014/12/11,6,9.713821423,2.293
2014/12/12,7.3,9.704044941,4.192
2014/12/13,3.8,9.695162297,9.53
2014/12/14,1.6,9.687182234,11.12
2014/12/15,2.3,9.680112696,10.99
2014/12/16,2.8,9.673960794,3.095
2014/12/17,4.2,9.668732786,8.64
2014/12/18,2.1,9.664434055,11.37
2014/12/19,2.3,9.661069088,11.08
2014/12/20,3.8,9.658641461,2.711
2014/12/21,7.8,9.65715383,6.161
2014/12/22,5.5,9.656607915,11.19
2014/12/23,4.6,9.6570045,11.17
2014/12/24,1.5,9.658343426,7.946
2014/12/25,3.1,9.660623594,8.94
2014/12/26,2.4,9.663842968,11.24
2014/12/27,1.7,9.667998582,11.02
2014/12/28,0.5,9.67308655,8.51
2014/12/29,3.3,9.67910208,1.349
2014/12/30,3,9.686039493,9.91
2014/12/31,5.2,9.693892238,10.61
2015/1/1,2.5,9.70354795,6.196
2015/1/2,1,9.713204439,7.16
2015/1/3,2.5,9.723751276,11.48
2015/1/4,1,9.735178689,8.61
2015/1/5,3.1,9.747476176,10.88
2015/1/6,7.8,9.760632535,2.889
2015/1/7,5.3,9.774635905,11.55
2015/1/8,5.2,9.789473799,11.3
2015/1/9,5.3,9.805133143,11.67
2015/1/10,4.3,9.821600318,12.03
2015/1/11,5,9.838861197,11.59
2015/1/12,3.5,9.856901189,12.06
2015/1/13,3.3,9.875705276,12
2015/1/14,3.7,9.895258059,11.24
2015/1/15,5.6,9.915543795,1.444
2015/1/16,6.6,9.936546441,10.69
2015/1/17,5.4,9.958249693,11.63
2015/1/18,3,9.980637023,12.74
2015/1/19,4,10.00369173,12.32
2015/1/20,5,10.02739695,12.57
2015/1/21,1.2,10.05173573,1.797
2015/1/22,3.8,10.07669105,1.523
2015/1/23,5.8,10.10224582,11.1
2015/1/24,2.3,10.12838299,9.66
2015/1/25,4.3,10.15508551,11.73
2015/1/26,8,10.18233639,8.36
2015/1/27,9.4,10.21011873,9.83
2015/1/28,3.4,10.23841575,11.22
2015/1/29,1.3,10.26721079,12.92
2015/1/30,2.1,10.29648737,1.665
2015/1/31,3.9,10.32622917,14.66
2015/2/1,3.1,10.3564201,14.78
2015/2/2,2.6,10.38704427,14.67
2015/2/3,1.1,10.41808604,14.7
2015/2/4,2.4,10.44953001,13.45
2015/2/5,1.9,10.48136105,2.078
2015/2/6,3.4,10.51356432,14.85
2015/2/7,2.9,10.54612525,10.15
2015/2/8,3.4,10.57902958,2.726
2015/2/9,1.6,10.61226333,10.71
2015/2/10,0.7,10.64581287,15.72
2015/2/11,3.4,10.67966484,15.2
2015/2/12,5.1,10.71380623,14.74
2015/2/13,3.7,10.74822434,15.44
2015/2/14,3.5,10.78290679,16.61
2015/2/15,3.3,10.81784151,15.41
2015/2/16,4.9,10.85301678,16.46
2015/2/17,3.3,10.88842117,3.56
2015/2/18,2.8,10.92404358,2.37
2015/2/19,4.6,10.95987322,13.64
2015/2/20,4.1,10.99589961,11.14
2015/2/21,3.1,11.03211256,17.34
2015/2/22,5.4,11.0685022,3.457
2015/2/23,9,11.10505893,8.21
2015/2/24,7.3,11.14177345,6.045
2015/2/25,7.5,11.17863674,8.36
2015/2/26,6.1,11.21564003,1.969
2015/2/27,6.2,11.25277484,16.59
2015/2/28,6,11.29003291,18.24
2015/3/1,6.8,11.32740625,3.553
2015/3/2,8,11.3648871,19.53
2015/3/3,4.9,11.40246793,3.889
2015/3/4,8.7,11.44014141,15.35
2015/3/5,8.1,11.47790043,18.61
2015/3/6,6.4,11.51573809,12.56
2015/3/7,5.7,11.55364765,6.177
2015/3/8,8.3,11.59162256,5.788
2015/3/9,8.9,11.62965645,3.988
2015/3/10,7.6,11.66774309,14.95
2015/3/11,5,11.70587639,19.71
2015/3/12,7,11.74405041,20.27
2015/3/13,7.2,11.78225934,20.6
2015/3/14,6.3,11.82049747,13.67
2015/3/15,6.2,11.85875919,7.836
2015/3/16,9.5,11.89703901,11.21
2015/3/17,14.1,11.9353315,20.36
2015/3/18,13,11.97363131,15.6
2015/3/19,10.7,12.01193315,3.129
2015/3/20,9.7,12.05023178,8.62
2015/3/21,8.7,12.08852201,14.51
2015/3/22,11,12.12679868,20.38
2015/3/23,8.4,12.16505665,15.05
2015/3/24,7.2,12.20329077,18.24
2015/3/25,6.6,12.24149593,23.05
2015/3/26,6.1,12.27966697,23.98
2015/3/27,9.8,12.31779875,24.07
2015/3/28,11.5,12.35588606,19.85
2015/3/29,12.4,12.39392368,14.19
2015/3/30,13.7,12.43190634,22.89
2015/3/31,14.6,12.4698287,23.45
2015/4/1,11.7,12.50768534,7.259
2015/4/2,10.1,12.5454708,24.2
2015/4/3,15.9,12.5831795,4.216
2015/4/4,11.7,12.62080578,5.611
2015/4/5,10.1,12.65834388,4.905
2015/4/6,14.7,12.6957879,21.23
2015/4/7,9.2,12.73313184,2.888
2015/4/8,3.6,12.77036958,4.021
2015/4/9,6.3,12.80749483,19.87
2015/4/10,7.4,12.84450117,6.347
2015/4/11,10.7,12.88138203,8.13
2015/4/12,10.3,12.91813066,22.96
2015/4/13,9.5,12.95474016,3.122
2015/4/14,11.7,12.99120345,4.941
2015/4/15,14.4,13.02751324,22.45
2015/4/16,14.9,13.06366207,23.32
2015/4/17,13.5,13.09964229,13.82
2015/4/18,11.9,13.13544604,24.88
2015/4/19,13.3,13.17106524,9.84
2015/4/20,18,13.2064916,7.495
2015/4/21,15.9,13.24171663,5.003
2015/4/22,14.8,13.27673161,20.43
2015/4/23,15.9,13.31152756,25.67
2015/4/24,17.7,13.34609533,21.27
2015/4/25,15,13.38042549,18.11
2015/4/26,16,13.4145084,27.12
2015/4/27,18.2,13.44833417,26.76
2015/4/28,19.7,13.48189268,25.85
2015/4/29,18.7,13.51517359,21.64
2015/4/30,17.8,13.54816629,26.02
2015/5/1,19.2,13.58085996,27.58
2015/5/2,18.9,13.61324355,27.66
2015/5/3,19.9,13.64530577,24.17
2015/5/4,21.1,13.6770351,21.95
2015/5/5,16.5,13.7084198,20.01
2015/5/6,16.4,13.73944794,23.77
2015/5/7,17.9,13.77010735,14.17
2015/5/8,19,13.80038568,26.94
2015/5/9,16.8,13.83027038,8.44
2015/5/10,18.4,13.85974871,25.44
2015/5/11,15.9,13.88880777,29.12
2015/5/12,18.9,13.91743449,12.84
2015/5/13,21.4,13.94561567,28.02
2015/5/14,21.3,13.97333795,27.05
2015/5/15,20.9,14.00058788,24.56
2015/5/16,19.5,14.02735189,7.002
2015/5/17,21.4,14.05361633,26.88
2015/5/18,21,14.07936749,19.3
2015/5/19,18.6,14.10459159,5.805
2015/5/20,30,14.12927484,27.27
2015/5/21,30,14.15340346,27.87
2015/5/22,21.9,14.17696366,24.45
2015/5/23,23,14.1999417,23.53
2015/5/24,22.7,14.2223239,20.6
2015/5/25,22.2,14.24409669,20.83
2015/5/26,24.6,14.26524658,28.88
2015/5/27,23.1,14.28576024,28.36
2015/5/28,22.6,14.30562452,16.63
2015/5/29,21.2,14.32482645,7.252
2015/5/30,24.5,14.34335329,27.85
2015/5/31,24.5,14.36119254,26.95
2015/6/1,23.3,14.37833198,27.5
2015/6/2,23.7,14.39475973,22.68
2015/6/3,22.1,14.4104642,7.171
2015/6/4,22.8,14.4254342,28.15
2015/6/5,20.9,14.43965892,11.79
2015/6/6,21.2,14.45312796,16.63
2015/6/7,22.4,14.46583138,20.77
2015/6/8,22.4,14.47775972,19.77
2015/6/9,21,14.48890399,6.689
2015/6/10,24.3,14.49925576,25.07
2015/6/11,24.3,14.50880711,23.47
2015/6/12,23.1,14.51755071,7.75
2015/6/13,24.8,14.52547981,23.11
2015/6/14,23.3,14.53258827,10.39
2015/6/15,25.8,14.53887058,25.39
2015/6/16,23.4,14.54432188,14.53
2015/6/17,22.7,14.54893793,17.3
2015/6/18,21.1,14.5527152,8.95
2015/6/19,18.9,14.55565081,8.02
2015/6/20,21.4,14.55774259,27.62
2015/6/21,20.2,14.55898904,6.635
2015/6/22,21.8,14.55938938,19.85
2015/6/23,22.3,14.55894353,20.24
2015/6/24,23,14.55765208,26.59
2015/6/25,23.4,14.55551636,24.06
2015/6/26,21.7,14.55253837,8.41
2015/6/27,22.3,14.54872081,7.096
2015/6/28,21.1,14.54406704,19.95
2015/6/29,20.3,14.53858112,21.93
2015/6/30,21.3,14.53226776,15.17
2015/7/1,20.1,14.52513229,3.128
2015/7/2,21.6,14.51718069,4.031
2015/7/3,21.6,14.50841956,3.841
2015/7/4,22.6,14.49885608,9.19
2015/7/5,19.9,14.48849799,4.468
2015/7/6,19.5,14.4773536,5.859
2015/7/7,21.3,14.46543174,10.45
2015/7/8,21.5,14.45274175,10.34
2015/7/9,19.2,14.43929342,5.459
2015/7/10,22.2,14.42509703,18.73
2015/7/11,25,14.41016326,25.7
2015/7/12,26.4,14.39450319,25.44
2015/7/13,28.2,14.37812827,25.36
2015/7/14,29.1,14.36105032,28.72
2015/7/15,28.6,14.34328142,28.02
2015/7/16,26.4,14.32483398,9.24
2015/7/17,26.7,14.30572065,16.52
2015/7/18,27.1,14.28595431,14.02
2015/7/19,28.1,14.26554804,26.7
2015/7/20,28.1,14.2445151,25.22
2015/7/21,27.9,14.22286888,27.27
2015/7/22,28.4,14.20062291,28.78
2015/7/23,27.3,14.1777908,16.46
2015/7/24,26.7,14.15438624,17.32
2015/7/25,28.4,14.13042296,24.06
2015/7/26,29.5,14.1059147,24.58
2015/7/27,28.6,14.08087523,27.19
2015/7/28,27.2,14.05531826,19.51
2015/7/29,27.4,14.02925749,14.8
2015/7/30,27.9,14.00270653,21.41
2015/7/31,29.3,13.97567893,25.61
2015/8/1,30,13.94818812,22.43
2015/8/2,29.7,13.92024744,21.54
2015/8/3,29.1,13.89187009,26.37
2015/8/4,29.4,13.86306911,23.41
2015/8/5,30,13.8338574,26.69
2015/8/6,30,13.80424769,26.43
2015/8/7,29.3,13.77425252,25.02
2015/8/8,26.5,13.74388425,21.97
2015/8/9,26.5,13.71315504,20.81
2015/8/10,27.6,13.68207683,21.51
2015/8/11,27.9,13.65066136,20.68
2015/8/12,27.9,13.61892014,17.87
2015/8/13,26.5,13.58686446,12.77
2015/8/14,24.6,13.55450539,11.25
2015/8/15,26.9,13.52185375,24.81
2015/8/16,26.2,13.48892013,16.57
2015/8/17,25.1,13.45571489,4.898
2015/8/18,27.8,13.42224815,16
2015/8/19,26.8,13.38852979,20.25
2015/8/20,24.8,13.35456945,6.295
2015/8/21,25.3,13.32037654,10.67
2015/8/22,28.1,13.28596023,15.77
2015/8/23,25.9,13.25132946,21.02
2015/8/24,23.4,13.21649295,14.78
2015/8/25,21.2,13.18145917,10.59
2015/8/26,20.5,13.14623639,6.554
2015/8/27,22.6,13.11083266,8.84
2015/8/28,21.5,13.0752558,4.35
2015/8/29,20.4,13.03951345,3.641
2015/8/30,20.8,13.00361301,3.346
2015/8/31,22,12.96756173,6.971
2015/9/1,23.6,12.93136663,7.567
2015/9/2,26.7,12.89503456,12.59
2015/9/3,24.8,12.8585722,12.51
2015/9/4,25.5,12.82198605,17.17
2015/9/5,24.1,12.78528245,16.45
2015/9/6,23.3,12.74846759,8.01
2015/9/7,21.9,12.71154752,5.315
2015/9/8,20.2,12.67452812,2.756
2015/9/9,23.6,12.63741517,4.7
2015/9/10,22.7,12.60021431,4.212
2015/9/11,24.3,12.56293108,19.37
2015/9/12,24.6,12.52557089,15.87
2015/9/13,24.2,12.48813907,8.53
2015/9/14,22.8,12.45064087,19
2015/9/15,21.6,12.41308144,17.44
2015/9/16,21.4,12.37546587,10.13
2015/9/17,17.7,12.33779919,3.024
2015/9/18,20.2,12.30008636,5.517
2015/9/19,24.1,12.26233233,13.8
2015/9/20,22.7,12.224542,17.23
2015/9/21,22,12.18672023,16.35
2015/9/22,22.2,12.14887189,21.6
2015/9/23,21.9,12.11100184,17.82
2015/9/24,19.8,12.07311493,7.306
2015/9/25,18.1,12.03521605,2.777
2015/9/26,20.6,11.99731009,7.158
2015/9/27,21.4,11.959402,7.889
2015/9/28,23.6,11.92149675,19.16
2015/9/29,20.9,11.88360588,19.1
2015/9/30,18.2,11.84571501,19.04
2015/10/1,18.8,11.8078488,8.28
2015/10/2,22.6,11.77000601,11.47
2015/10/3,21.1,11.732192,18.44
2015/10/4,19.5,11.69441225,18.17
2015/10/5,16.9,11.65667232,9.18
2015/10/6,16.4,11.61897794,15.59
2015/10/7,16.2,11.58133493,19.11
2015/10/8,17.4,11.54374929,19.13
2015/10/9,18.8,11.50622716,17.53
2015/10/10,16.7,11.46877487,6.745
2015/10/11,18,11.4313989,3.441
2015/10/12,18.5,11.39410592,15.24
2015/10/13,17.9,11.35690282,17.36
2015/10/14,16.4,11.31979667,16.2
2015/10/15,16.6,11.28279477,15.35
2015/10/16,16.1,11.24590464,3.359
2015/10/17,17.5,11.20913404,7.031
2015/10/18,18.3,11.17249097,13.56
2015/10/19,16.9,11.13598368,16.19
2015/10/20,17.1,11.09962068,12.31
2015/10/21,16.1,11.06341075,12
2015/10/22,15.4,11.02736296,12.28
2015/10/23,16.7,10.99148663,7.544
2015/10/24,17.5,10.95579142,14.01
2015/10/25,14.6,10.92028724,16.35
2015/10/26,11.7,10.88498432,16.17
2015/10/27,16.7,10.84989321,14.66
2015/10/28,19.6,10.81502475,14.11
2015/10/29,15.2,10.78039012,6.201
2015/10/30,16.1,10.7460008,11.78
2015/10/31,13,10.71186859,5.982
2015/11/1,11,10.67800564,13.58
2015/11/2,12,10.64442438,1.234
2015/11/3,14.4,10.61113761,12.45
2015/11/4,12.1,10.57815841,14.08
2015/11/5,13,10.5455002,13.7
2015/11/6,13.9,10.51317671,13.67
2015/11/7,15.3,10.48120198,9.6
2015/11/8,14.1,10.44959035,1.675
2015/11/9,17.3,10.41835646,4.294
2015/11/10,16.3,10.38751521,2.881
2015/11/11,13.1,10.35708182,9.03
2015/11/12,12.4,10.32707173,10.39
2015/11/13,12.4,10.29750066,9.18
2015/11/14,13.6,10.26838452,3.001
2015/11/15,14.8,10.23973949,4.226
2015/11/16,15,10.2115819,10.54
2015/11/17,17.4,10.18392828,7.971
2015/11/18,16.3,10.15679532,7.113
2015/11/19,13.1,10.13019981,7.51
2015/11/20,12.8,10.10415867,1.935
2015/11/21,13.7,10.07868889,11.21
2015/11/22,12.3,10.05380751,4.703
2015/11/23,10.9,10.02953158,1.26
2015/11/24,13.1,10.00587814,6.781
2015/11/25,8,9.982864189,2.315
2015/11/26,7.7,9.960506632,3.223
2015/11/27,9.6,9.938822263,12.36
2015/11/28,8.2,9.917827715,11.96
2015/11/29,8.6,9.897539429,10.74
2015/11/30,9.4,9.877973612,7.663
2015/12/1,8.7,9.859146197,11.33
2015/12/2,7.8,9.841072803,2.585
2015/12/3,9.5,9.823768693,2.216
2015/12/4,8.7,9.807248734,11.27
2015/12/5,8.5,9.791527355,11.48
2015/12/6,9.7,9.776618507,9.06
2015/12/7,7.1,9.762535621,10.91
2015/12/8,6.2,9.749291569,8.11
2015/12/9,4.8,9.736898625,10.76
2015/12/10,6.7,9.725368426,6.638
2015/12/11,14.4,9.714711935,6.112
2015/12/12,10.9,9.704939409,10.73
2015/12/13,9.8,9.696060361,4.265
2015/12/14,10.9,9.688083532,5.787
2015/12/15,10.8,9.68101686,3.855
2015/12/16,11.9,9.674867454,8.95
2015/12/17,8.8,9.669641569,3.009
2015/12/18,4.8,9.665344583,11.04
2015/12/19,4.4,9.661980982,10.61
2015/12/20,3.5,9.659554342,11.02
2015/12/21,6,9.658067315,6.111
2015/12/22,7,9.657521622,10.44
2015/12/23,5.6,9.657918046,2.201
2015/12/24,8.8,9.659256428,6.703
2015/12/25,8.5,9.66153567,7.217
2015/12/26,5.3,9.664753736,10.43
2015/12/27,5.5,9.668907662,9.41
2015/12/28,2.6,9.673993565,11.21
2015/12/29,3,9.680006655,11.34
2015/12/30,3.7,9.686941254,10.31
2015/12/31,4.9,9.694790817,8.78
